-1.0645734071731567	-2.8078696727752686	0.9594621658325195	0.2289888560771942	-0.07965037226676941	2.633617639541626	-1.3725694417953491	0.6438047885894775	-0.7050577402114868	1.368489146232605	0.002803981304168701	0.6665701866149902	-1.4673583507537842	-1.2166565656661987	1.8313995599746704	1.6836284399032593	0.6041340827941895	1.2250020503997803	-0.2392083704471588	-0.28752321004867554	-0.8665376901626587	0.3063591718673706	0.012224070727825165	0.7492266893386841	-0.57350754737854	-0.08789948374032974	-0.5182672739028931	1.0323011875152588	-0.4273163974285126	-0.6762077212333679	0.5096832513809204	2.1284127235412598	2.0692338943481445	0.4719978868961334	-1.6970789432525635	2.8195266723632812	-1.118896722793579	0.3841720223426819	-1.0163394212722778	-0.31567567586898804	-1.6696431636810303	2.0284790992736816	1.8312433958053589	-1.2888624668121338	2.2046544551849365	0.33211949467658997	0.45641225576400757	0.7640779614448547	0.41066545248031616	0.008958011865615845	0.09265782684087753	-1.6834712028503418	0.9785497784614563	-1.310384750366211	-0.18585467338562012	-0.8289710283279419	-2.8170888423919678	-1.1950887441635132	0.6964584589004517	2.091432571411133	-0.07288195937871933	1.6336383819580078	1.8758708238601685	-2.6970975399017334	-1.2553952932357788	0.601917564868927	0.39488697052001953	-2.195549249649048	-2.618972063064575	-1.6339964866638184	1.4752156734466553	-0.2086118459701538	-1.4067350625991821	0.9881706237792969	2.9903297424316406	0.7461704611778259	-1.9698740243911743	1.7588646411895752	0.035604968667030334	-1.0779471397399902	-1.3026732206344604	1.2447587251663208	1.04751718044281	1.3094902038574219	2.0752551555633545	-1.4174022674560547	1.217725396156311	-0.02764819748699665	-0.8109427094459534	-1.134915828704834	-0.0031078048050403595	1.550055742263794	-0.4445442855358124	-0.3373895585536957	-1.1281918287277222	0.3748791515827179	-0.4168393015861511	0.1993953287601471	1.5608402490615845	-0.9272128939628601	-1.495409369468689	0.6903082728385925	-0.5211715698242188	-0.09134282916784286	-0.4003174304962158	-1.0550191402435303	-0.4620800316333771	0.6582661867141724	0.39706236124038696	1.148121953010559	-0.3670317828655243	1.6322972774505615	-2.188004493713379	1.171768307685852	0.5174910426139832	0.8755285739898682	1.5651220083236694	2.0557548999786377	-3.1462607383728027	1.5826209783554077	2.1502928733825684	0.3045630156993866	0.11268067359924316	1.4496420621871948	-2.3129615783691406	0.23357462882995605	0.06545136123895645	-0.1840125471353531
1.5180412530899048	0.6374193429946899	2.24589204788208	-0.6614737510681152	-2.118677854537964	-1.545876145362854	-1.497371792793274	2.0471675395965576	1.6946330070495605	-2.633188486099243	1.139500617980957	1.2502268552780151	0.9396824240684509	-0.348490446805954	-0.2360130399465561	-1.4111554622650146	-1.6874743700027466	0.0827542096376419	0.326128214597702	1.3161743879318237	1.4558300971984863	-0.06360471993684769	-0.7886649370193481	0.9009180665016174	-1.0902199745178223	-0.8410661816596985	0.8673530220985413	1.0734871625900269	2.1255152225494385	-0.8619213700294495	-1.2107317447662354	-1.193732500076294	1.1611039638519287	1.7004581689834595	4.303511619567871	0.6139853000640869	1.461667537689209	0.17724235355854034	0.3585328459739685	0.09717550873756409	1.0286942720413208	-0.26582980155944824	-0.1539517045021057	1.1572043895721436	-1.2875607013702393	-0.6427186131477356	1.4158753156661987	0.8745040893554688	-0.8271406888961792	-0.4801875650882721	0.9015921354293823	0.32843878865242004	-0.4467296004295349	-1.0188515186309814	-0.2972925901412964	-0.2674586772918701	2.407421112060547	0.6694595813751221	-1.563286304473877	-1.1546682119369507	-0.20746168494224548	0.31902843713760376	-0.4443468451499939	0.4200463593006134	0.4850598871707916	1.4658788442611694	1.106835961341858	-0.7817226052284241	-1.5661516189575195	2.231161594390869	-0.44111835956573486	0.5476958751678467	0.43435293436050415	-0.6209633350372314	-0.7916971445083618	-0.035227686166763306	-0.05791962891817093	0.9044995903968811	1.6749145984649658	0.8768242597579956	0.7510939240455627	1.1671148538589478	1.9993335008621216	1.7093437910079956	1.1958812475204468	-0.7877829074859619	-1.225339412689209	0.768161416053772	-0.16169486939907074	0.18733669817447662	0.590519905090332	1.0787527561187744	-0.2385605126619339	0.2761983871459961	-1.0555716753005981	-1.3912034034729004	-0.871661901473999	0.9904863238334656	1.6143609285354614	0.3196430206298828	-0.35698312520980835	1.4518543481826782	-0.3869086503982544	-0.2904072701931	-1.3180750608444214	-0.16598345339298248	1.2387970685958862	-0.8659147620201111	-1.9839977025985718	0.3863946795463562	0.5280742049217224	-0.8356232643127441	1.130558967590332	0.39235919713974	-1.5312126874923706	-0.33440670371055603	-1.7898240089416504	-0.6381178498268127	0.2569722533226013	-2.8612072467803955	-1.5025473833084106	-2.660938024520874	-0.47015705704689026	-0.5307655334472656	2.152822256088257	0.4543702006340027	-2.2781577110290527	0.6690190434455872
-0.2976817786693573	1.5342873334884644	2.387138605117798	-1.164819359779358	-3.3400025367736816	1.8411529064178467	0.6684648990631104	1.6814966201782227	2.3101155757904053	-1.7755471467971802	1.2689419984817505	2.1570796966552734	0.9962347745895386	2.116438150405884	-0.03365638107061386	-0.24147790670394897	0.47062933444976807	-0.3787556290626526	-0.3060762286186218	0.950186550617218	-0.999468207359314	-0.004869354888796806	-0.6007373929023743	-0.3057117462158203	0.4504505693912506	-0.3604172170162201	1.4417495727539062	1.588252305984497	0.8210052251815796	-0.9764557480812073	-1.3094383478164673	-1.2413164377212524	0.035327132791280746	1.3786910772323608	2.8296701908111572	0.08486158400774002	1.6665195226669312	0.9239750504493713	-0.37313395738601685	-1.1229090690612793	-0.8226844668388367	-0.8376557230949402	0.27484846115112305	1.083402156829834	-0.5469971895217896	-1.001349687576294	1.3419625759124756	-0.2881455719470978	-0.7366389036178589	-0.5297210812568665	1.1518555879592896	1.5089757442474365	2.111152410507202	-0.761407196521759	0.00726696103811264	-1.8186132907867432	2.1117331981658936	0.5569858551025391	-1.4315690994262695	0.25220897793769836	-2.627603769302368	0.3586306571960449	-0.5205575823783875	-1.7568036317825317	1.1019585132598877	1.640946626663208	-0.373070627450943	-2.4576025009155273	-2.1681196689605713	-0.2802983820438385	1.8988895416259766	-0.9853711724281311	0.38085174560546875	-2.19834041595459	-0.22015759348869324	0.5377274751663208	0.44276097416877747	0.034149933606386185	1.6165778636932373	1.5581997632980347	-1.3490804433822632	1.1608850955963135	0.8552340865135193	3.444943428039551	2.9120850563049316	-0.8946440815925598	0.4577574133872986	1.5717811584472656	-0.03317102789878845	0.3727366328239441	1.5315687656402588	1.3078819513320923	-2.488785743713379	-1.5474735498428345	-2.245292901992798	-2.6147849559783936	0.11776963621377945	0.4412006735801697	2.3027584552764893	0.6350110769271851	-0.3077799081802368	0.5893473625183105	-1.4333031177520752	-2.240938186645508	-2.565967321395874	1.946617841720581	0.3125860095024109	-0.9003127217292786	0.24258626997470856	-0.4595103859901428	-0.20260119438171387	-1.673039436340332	0.8267485499382019	0.11124106496572495	-0.649298906326294	0.26737749576568604	-0.4670998156070709	-1.979028344154358	0.4237869679927826	-4.139196395874023	0.2600357234477997	-2.4689903259277344	1.1571451425552368	-0.1635134369134903	1.3391107320785522	-1.160667896270752	-0.12360039353370667	-0.5571204423904419
0.3095606863498688	1.4245197772979736	-2.3501641750335693	0.43359827995300293	0.7194133400917053	-3.7223470211029053	0.9834802150726318	-1.7895528078079224	0.6456081867218018	-2.481532096862793	-1.0816885232925415	-0.2520289719104767	1.8785579204559326	2.202989339828491	-1.8914563655853271	-1.8654186725616455	-0.5645624995231628	0.34500014781951904	1.9922460317611694	1.7005181312561035	0.34792861342430115	-1.2457183599472046	0.44558221101760864	-0.8757363557815552	-0.08258221298456192	-0.837091863155365	-2.7270619869232178	-1.0743309259414673	-2.1531381607055664	1.0372127294540405	-0.444985568523407	-0.21470823884010315	-2.2080600261688232	-0.922744870185852	-0.2925091087818146	-3.4778783321380615	0.8783233165740967	-0.5173211097717285	-0.8854013681411743	0.3240048289299011	4.524687767028809	-2.835021495819092	-2.8722479343414307	0.5355366468429565	-2.952561616897583	-1.0032448768615723	-0.6884475350379944	-0.9141191244125366	0.6216718554496765	0.4992508888244629	-2.3979363441467285	3.3992910385131836	-2.726099967956543	1.2102969884872437	-0.49919378757476807	0.03706367686390877	1.4282323122024536	1.7680680751800537	-2.896017551422119	-4.073938369750977	0.6229689717292786	-0.3914927840232849	-1.8319910764694214	3.9716529846191406	-0.2570659816265106	-1.7073537111282349	0.8146677017211914	3.695164442062378	4.739363670349121	3.855207920074463	-3.123497724533081	0.7546667456626892	2.3333921432495117	-2.102879762649536	-3.6494228839874268	-2.388542413711548	1.031473994255066	-0.8259238004684448	-0.7005565166473389	-0.05348282307386398	2.0521836280822754	-2.2801339626312256	-2.433091640472412	-3.121628999710083	-2.964420795440674	3.122992753982544	-3.2444355487823486	-1.373111605644226	-0.7826409339904785	-0.34117335081100464	-0.5026295185089111	-0.41989994049072266	1.360416054725647	1.7629865407943726	2.395404100418091	-0.8097289204597473	-0.868413507938385	-0.593601644039154	-3.527418613433838	-1.7460943460464478	1.212944746017456	-2.2994956970214844	0.23332354426383972	0.6333947777748108	2.4987831115722656	1.554455280303955	-0.09700910747051239	-0.33426451683044434	2.0630555152893066	-0.8889124393463135	2.098971128463745	-0.497885137796402	2.9217770099639893	-1.3115676641464233	-1.7042381763458252	-2.2757275104522705	-2.4127678871154785	-1.6722993850708008	1.558350920677185	-0.655512809753418	-1.727535605430603	-1.8510756492614746	-1.1164549589157104	-3.1008176803588867	-0.00559333898127079	0.03814835101366043	-1.0546964406967163	0.6398637890815735
-0.10625305771827698	-0.7855817675590515	-0.6494888067245483	0.506844699382782	2.044862747192383	-0.3842557668685913	0.06302241235971451	-1.3057732582092285	-1.052901029586792	1.1648377180099487	0.4175635278224945	-1.6422425508499146	0.6526795029640198	1.2555571794509888	-0.15459240972995758	-1.5180068016052246	0.4626939296722412	0.5195769667625427	0.42869552969932556	-0.48314231634140015	0.1934751570224762	-0.9355727434158325	-0.29131367802619934	-0.33633366227149963	-0.30093035101890564	0.5177692174911499	0.3902987837791443	-0.42935532331466675	0.6117520332336426	0.2687223255634308	1.4966931343078613	0.09328044205904007	-0.3333321511745453	-1.3447755575180054	-1.5674337148666382	-0.7204656600952148	0.2676577568054199	0.16090348362922668	0.005769159644842148	0.47086989879608154	1.214065432548523	0.4097177982330322	-0.47051385045051575	0.007845427840948105	-1.1582645177841187	1.8344597816467285	-0.6310998797416687	1.5643670558929443	-0.4723994731903076	0.1379677951335907	-0.0029549207538366318	0.6457852721214294	-0.0293857641518116	0.36735257506370544	-0.30346494913101196	0.5111629962921143	-1.4654998779296875	0.8766541481018066	0.5909938216209412	-0.05755048990249634	1.745641827583313	-0.002055421471595764	0.1720416247844696	2.7500717639923096	-0.670579731464386	0.1664985716342926	-1.2456527948379517	2.309422492980957	1.8471132516860962	-1.871891736984253	-0.4025164246559143	1.3196073770523071	0.15244324505329132	0.4691790044307709	-0.36615023016929626	0.20460176467895508	0.08441723138093948	-0.07320788502693176	-0.1448538899421692	-0.9605129957199097	0.6649791598320007	-0.7332977056503296	-1.6098110675811768	-2.229997158050537	-2.2082326412200928	0.8212110996246338	-1.129736304283142	0.03358487784862518	-0.4691890776157379	0.7849234938621521	-0.11183878779411316	-0.9290757775306702	1.2236946821212769	0.6385343074798584	0.11635556817054749	0.344004362821579	1.119194507598877	-0.10325396806001663	-1.016567587852478	0.027938783168792725	0.13507065176963806	-1.6824058294296265	0.6952057480812073	0.21724748611450195	1.69497811794281	-1.7638819217681885	0.2817049026489258	2.0598983764648438	1.286820650100708	0.19826936721801758	-1.1537423133850098	0.5980600118637085	0.19514670968055725	0.03922690451145172	0.23588839173316956	-1.0002981424331665	0.7175363898277283	0.8800848126411438	-0.12820014357566833	1.9649006128311157	-0.7322544455528259	2.0573835372924805	-0.029930926859378815	-0.35761722922325134	-0.7394046783447266	1.477011799812317	1.5019947290420532	-0.22546683251857758
1.3088792562484741	0.6102566123008728	-1.1512978076934814	1.2876311540603638	1.3455407619476318	-2.1339151859283447	0.32874733209609985	-1.5579745769500732	-0.8336607217788696	-0.6595031023025513	-0.4250698685646057	-1.5168302059173584	0.28100764751434326	0.6547682285308838	-0.8861842751502991	-1.8405647277832031	-0.9276708364486694	0.2910955846309662	1.6249027252197266	1.2317017316818237	0.6413991451263428	-1.9867192506790161	-0.5330843925476074	0.8939546346664429	0.279655784368515	0.8147915601730347	-1.3151969909667969	0.44518107175827026	-1.9563980102539062	0.7573078274726868	0.2333354949951172	0.5295707583427429	-1.420881986618042	-1.606568694114685	0.9371162056922913	-1.5257470607757568	0.3530903160572052	0.40399056673049927	-1.1383459568023682	-0.8133102655410767	4.2341108322143555	-1.262756586074829	-1.9342280626296997	1.4471410512924194	-1.8272099494934082	-0.8427354693412781	-1.2691097259521484	0.6617575287818909	0.2592723071575165	-0.393049031496048	-1.7686505317687988	1.4268605709075928	-2.684217691421509	1.8265347480773926	0.6331127882003784	0.7304575443267822	-0.11717694252729416	0.16327819228172302	-1.6354014873504639	-1.6186319589614868	1.559486746788025	0.08001402020454407	-1.3181267976760864	3.4338536262512207	-0.17611926794052124	-0.5712598562240601	-0.15677405893802643	3.770547389984131	3.1156015396118164	2.7010200023651123	-2.7427427768707275	1.4285274744033813	0.689481258392334	0.05007951706647873	-1.9073673486709595	-1.1163856983184814	1.1502532958984375	-0.4624316692352295	-0.6450034379959106	0.17512959241867065	1.2288436889648438	-2.429522752761841	-1.2534161806106567	-2.2669870853424072	-3.0540108680725098	2.5259366035461426	-1.8932629823684692	-1.6678611040115356	-0.18825335800647736	-1.0477399826049805	-1.1583809852600098	-1.0247652530670166	2.0161569118499756	0.9319605827331543	1.3336844444274902	1.779390811920166	-0.5024272799491882	-1.0341029167175293	-3.5122339725494385	-0.8315500617027283	0.04415236413478851	-1.6593607664108276	1.0138245820999146	2.0015108585357666	2.6081528663635254	-0.23456454277038574	0.220313161611557	0.8238691091537476	0.7908041477203369	0.5470848083496094	0.825211763381958	-0.5476758480072021	1.1735551357269287	-2.3214945793151855	-0.4072241485118866	-1.8278777599334717	-1.4511921405792236	-0.22902487218379974	0.2057422399520874	0.09632255136966705	-1.132174015045166	-1.3638216257095337	-1.3833743333816528	-0.9533494114875793	-0.03256305307149887	0.6730133891105652	-0.4940028786659241	2.4236297607421875
1.3217692375183105	0.5184274911880493	3.7992703914642334	-1.658263087272644	-2.484452247619629	-0.6726372241973877	-0.14013420045375824	2.9660565853118896	4.9633026123046875	-2.047450065612793	1.0116547346115112	1.4447604417800903	0.5932551026344299	0.9638110399246216	-1.4948991537094116	-0.14029356837272644	-1.041081190109253	0.08407647907733917	-0.33027172088623047	-1.1676701307296753	0.6667778491973877	1.7686177492141724	-0.09500142931938171	-0.11537658423185349	0.7426986694335938	-1.3931423425674438	2.7271974086761475	1.2030166387557983	3.158006429672241	-1.9522262811660767	-1.128448724746704	-1.0711944103240967	1.5980916023254395	1.3520969152450562	4.201868534088135	0.8119403123855591	2.409221649169922	-1.0228310823440552	1.3563288450241089	-0.12336528301239014	-1.5682605504989624	-0.1458282768726349	0.7980865836143494	-0.12786301970481873	-0.6578084826469421	0.10095249116420746	3.235595941543579	0.3586752116680145	-1.6496740579605103	0.8963067531585693	2.4827401638031006	0.3764353096485138	2.5153636932373047	-1.5374634265899658	0.9795199036598206	0.6894708871841431	2.644130229949951	1.3486994504928589	0.5393281579017639	-1.6132328510284424	-2.3309526443481445	0.5762231349945068	-1.4424315690994263	-2.0755460262298584	2.231445074081421	3.1742653846740723	1.2177520990371704	-3.3429932594299316	-4.400023460388184	-0.08293141424655914	1.1812015771865845	-0.5019108057022095	-0.2980273365974426	-2.1417136192321777	0.019603144377470016	0.6698068976402283	-0.34262582659721375	0.08909235894680023	2.6526036262512207	1.8244754076004028	-1.2834700345993042	2.850067615509033	2.7808890342712402	3.892091751098633	4.686384677886963	-1.3203797340393066	0.5555938482284546	1.9410921335220337	0.7588242292404175	1.7478421926498413	1.3168964385986328	2.9890599250793457	-2.344250202178955	-1.7135907411575317	-2.0594260692596436	-3.2144100666046143	0.6465210914611816	2.3591718673706055	2.9839348793029785	1.7120500802993774	-0.20895934104919434	2.380965232849121	-1.145975112915039	-2.398043155670166	-3.9151968955993652	2.3550667762756348	-0.15257617831230164	-2.000566244125366	-1.4899877309799194	-0.8681362867355347	-0.6898394227027893	-0.5698627233505249	0.6456867456436157	1.2717461585998535	1.0281529426574707	0.32505038380622864	-0.4542364776134491	-1.520341157913208	0.8597255945205688	-3.752859592437744	-0.6824266314506531	-3.2087905406951904	0.24572652578353882	0.6270992755889893	2.9481959342956543	-0.8896360397338867	-2.9961822032928467	-1.334472894668579
-0.4472067654132843	1.303992748260498	-1.4040241241455078	0.2859918475151062	0.5890790820121765	-1.4382507801055908	-0.2268696129322052	-1.4177244901657104	-1.6557854413986206	-0.9292166233062744	-0.003161560744047165	-0.3048578202724457	0.506505012512207	0.11638571321964264	-1.3476169109344482	-1.4999732971191406	0.34549787640571594	-0.2184865027666092	0.5430806875228882	2.1548895835876465	0.8614999055862427	-1.4468046426773071	-0.6619993448257446	1.053671956062317	0.5090909004211426	2.332110643386841	-1.6664257049560547	0.5176712870597839	-1.4858421087265015	0.9700831770896912	0.5321095585823059	-1.6961692571640015	-1.8087210655212402	-0.5677436590194702	1.3417794704437256	-2.234171152114868	0.4438074231147766	1.04108726978302	-0.36613768339157104	0.3184962868690491	2.5383124351501465	-1.0908986330032349	-2.3259780406951904	0.845504879951477	-2.8312206268310547	-0.8410032987594604	-1.2789032459259033	-0.6416415572166443	0.8064770698547363	-0.03662128746509552	-1.9300000667572021	1.7509124279022217	-2.3347890377044678	2.9132516384124756	-0.9687121510505676	-0.9276769161224365	0.8691412210464478	0.1145954579114914	-2.5475003719329834	0.018060874193906784	1.0579050779342651	-0.9459021091461182	-0.014651346951723099	2.84063458442688	-0.44176799058914185	-1.8379818201065063	-0.7128584384918213	2.5346267223358154	3.3155689239501953	1.955075740814209	-0.8294300436973572	0.4335256814956665	2.5240955352783203	0.5393761992454529	-2.1634528636932373	-0.597333550453186	1.089624047279358	-1.1311269998550415	-1.3981828689575195	0.6450954079627991	1.5594217777252197	-2.002581834793091	-2.4397337436676025	-2.3945016860961914	-3.44169020652771	2.2672371864318848	-1.8373922109603882	0.3302688002586365	-0.8009031414985657	-0.5331134796142578	-1.0894148349761963	-2.463341474533081	0.8605437278747559	1.6657336950302124	1.5536624193191528	0.02778042107820511	-1.0246894359588623	-0.9993045926094055	-3.148020029067993	-0.7033731937408447	0.6905696988105774	-1.8113676309585571	0.3915339410305023	0.4471553862094879	2.081275463104248	-0.2709431052207947	0.7739221453666687	2.0455236434936523	1.3868811130523682	-0.8553940057754517	0.903223991394043	-0.7722150087356567	2.1031510829925537	-1.0219616889953613	-0.6039314866065979	-1.3727318048477173	-2.0253214836120605	-0.6166885495185852	0.17926639318466187	-0.9452289342880249	-1.1888376474380493	-0.11831802129745483	0.3197011947631836	-1.7492318153381348	-0.032041341066360474	0.20090556144714355	0.7497351765632629	-0.047293342649936676
-0.011544615961611271	-0.6982100009918213	-1.3670684099197388	0.814123272895813	2.3558387756347656	0.8467585444450378	0.4016299545764923	-1.6763821840286255	-1.8863189220428467	2.4855051040649414	-0.254474937915802	-2.055250644683838	-1.0688259601593018	-1.1761428117752075	0.3426916003227234	0.9169471263885498	0.5881100296974182	0.42866814136505127	-0.6913803219795227	-1.5801633596420288	-0.1301807463169098	0.6147925853729248	1.3154146671295166	-0.3513307571411133	0.0899960994720459	-0.21907123923301697	0.3999212980270386	-1.5286535024642944	-0.670992374420166	0.4516752064228058	1.5602837800979614	1.5228705406188965	-0.13262182474136353	-1.2628233432769775	-2.6660454273223877	0.936878502368927	-0.9915592074394226	-0.3719630241394043	1.1347672939300537	0.715110182762146	-1.3171342611312866	0.6279997229576111	0.49376800656318665	-1.05949068069458	1.1119811534881592	1.616005301475525	-0.89012211561203	0.4137030839920044	0.11590776592493057	0.32514724135398865	0.2221205234527588	-1.9933240413665771	0.3140977919101715	-0.013730538077652454	0.29634130001068115	1.5835705995559692	-2.0802767276763916	-0.39751458168029785	1.9954195022583008	1.1073503494262695	1.311725378036499	-0.5141605138778687	0.8619802594184875	-0.4949953854084015	-0.30466949939727783	-0.8897657990455627	-0.570016622543335	0.24538779258728027	0.6678552627563477	-1.8929346799850464	-0.4428669512271881	-0.27580034732818604	-0.6878964900970459	1.34648597240448	1.532395839691162	0.1487216055393219	-0.4880453944206238	0.3381615877151489	-1.09148108959198	-1.5100078582763672	-0.7517865300178528	-0.28204280138015747	-0.8700203895568848	-2.000938653945923	-1.2240194082260132	-0.4392824172973633	1.1893168687820435	-0.8190317153930664	0.9318020939826965	0.012727705761790276	-0.7143555879592896	-1.0231008529663086	0.8044739961624146	0.8382971286773682	0.5399017333984375	2.4627881050109863	1.0841715335845947	0.238723486661911	-0.5215662717819214	0.03771211951971054	0.41087090969085693	-0.4313417375087738	1.3788577318191528	1.0510836839675903	0.8486363887786865	-1.38706374168396	-0.07738599181175232	0.4402647614479065	-0.06152021512389183	-0.01386237796396017	-0.8450450301170349	0.5284431576728821	-1.837113618850708	0.5322406888008118	0.49563702940940857	0.8267579078674316	1.8068495988845825	1.1266353130340576	0.13357794284820557	3.339059829711914	-0.09874781966209412	3.29901385307312	-0.6449469923973083	0.8866897225379944	-1.081729531288147	0.009038083255290985	1.8668842315673828	0.03309398889541626
0.27465391159057617	0.1500769853591919	-0.03019709140062332	0.08599085360765457	-1.595062255859375	-2.3208811283111572	-1.2112126350402832	0.8061778545379639	-0.528045117855072	-1.9516593217849731	0.8241440057754517	0.11069610714912415	0.4598020315170288	0.27708783745765686	-0.37361228466033936	-1.287047266960144	-0.7109388709068298	0.3582461476325989	1.4887839555740356	2.444648504257202	1.4324604272842407	-1.7755587100982666	-0.2224273979663849	1.1671249866485596	-1.1932191848754883	0.2754370868206024	-0.8672856092453003	1.232763648033142	-1.1059199571609497	0.7192075252532959	-0.5977678298950195	-1.2865099906921387	-0.41729339957237244	0.6544002294540405	3.708702325820923	-1.0251744985580444	0.6662932634353638	1.1099369525909424	-0.6000955104827881	-1.0711181163787842	3.504988193511963	-0.37200215458869934	-1.0290963649749756	1.9020622968673706	-2.1132194995880127	-0.3749734163284302	-0.9380382895469666	0.8175272345542908	-0.4665132761001587	-1.2448029518127441	-1.140866756439209	1.7022509574890137	-2.7996230125427246	0.49272724986076355	-0.01936720311641693	-0.740852952003479	1.4599623680114746	0.9167910218238831	-3.226933479309082	-0.6002132296562195	0.60589200258255	-0.4855239987373352	-1.274981141090393	2.9002175331115723	-0.7708158493041992	-0.21540671586990356	-0.22088833153247833	1.1267281770706177	2.2655415534973145	3.716338872909546	-2.1662774085998535	0.7712158560752869	1.4955414533615112	-0.8115116953849792	-2.106329917907715	-0.8255813121795654	0.5552734732627869	-0.5718104839324951	0.07564856857061386	0.9065755605697632	1.4425466060638428	-0.7497129440307617	-1.502626895904541	-0.5759660601615906	-1.919014573097229	1.5182219743728638	-2.50382137298584	0.45309311151504517	-0.5635637044906616	-0.8751087784767151	-0.21610306203365326	-0.7145692706108093	1.0032727718353271	0.7268754243850708	0.21306012570858002	-0.12738147377967834	-1.2245359420776367	0.5279628038406372	-1.0808478593826294	-0.24963438510894775	-0.21688328683376312	-0.4308541715145111	0.27960655093193054	1.1764039993286133	1.2019792795181274	-0.4326621890068054	1.5552622079849243	0.35440951585769653	0.3909575343132019	-0.11439206451177597	1.223768711090088	-1.1036863327026367	1.0267646312713623	-1.0493959188461304	-1.3705304861068726	-1.0868593454360962	-2.8467702865600586	-1.4188584089279175	-0.4854474663734436	-2.164141893386841	-1.6088820695877075	-2.356220245361328	0.162405326962471	-1.9463307857513428	0.6718589663505554	1.3935834169387817	-0.6353992819786072	0.939651370048523
-0.5616876482963562	-1.895096778869629	0.16280856728553772	-0.7517961859703064	0.014144089072942734	0.9512488842010498	-0.08319316804409027	1.4534856081008911	0.01850147917866707	1.0541455745697021	-0.11467496305704117	0.23939305543899536	-0.4300732910633087	-0.8883057832717896	1.608263373374939	2.4848482608795166	0.6317867040634155	0.7820467352867126	-0.008336275815963745	-1.4183754920959473	0.01144784688949585	0.6832252144813538	0.6253335475921631	0.19610044360160828	-1.188822865486145	-0.7837789058685303	-0.31514304876327515	-0.05234961211681366	0.8822729587554932	0.4956537187099457	1.1719878911972046	1.5865775346755981	2.236953020095825	1.2836010456085205	-1.3039625883102417	2.4453482627868652	-1.4067330360412598	0.017651282250881195	0.8125510215759277	-0.34575212001800537	-2.6375975608825684	2.046717643737793	1.4616026878356934	-0.7222075462341309	2.133704900741577	1.4601997137069702	0.6029859781265259	0.920853316783905	0.6634460687637329	-0.07465414702892303	2.5705387592315674	-2.4930083751678467	-0.5954861044883728	-2.259369134902954	0.4513438940048218	0.1021939218044281	-1.6459991931915283	-0.08433855324983597	1.7875216007232666	2.0814361572265625	-0.04673347622156143	0.9142408967018127	0.7948976755142212	-2.3247787952423096	-1.4406033754348755	1.342491626739502	0.9161607027053833	-1.384251594543457	-2.7163939476013184	-1.313055157661438	0.4687410593032837	0.1426207423210144	-1.147413969039917	0.7084397673606873	2.4076523780822754	0.9624713659286499	-2.659919261932373	1.875772476196289	-0.618640124797821	-1.073233723640442	-1.5071033239364624	1.8075958490371704	1.3934309482574463	0.5525301694869995	1.8867239952087402	-1.2676515579223633	1.3110802173614502	0.024339858442544937	0.5996391773223877	0.5760090947151184	0.48227643966674805	1.4752368927001953	-0.25505760312080383	-2.1325783729553223	-0.6167740821838379	0.5044775605201721	0.24574244022369385	1.1303256750106812	1.8148674964904785	0.26971694827079773	-1.3282076120376587	0.8070051670074463	0.660564661026001	-0.12834501266479492	-1.060890555381775	-1.5226489305496216	-0.12923984229564667	0.1389000415802002	-0.5791321396827698	1.2709496021270752	-0.9698625802993774	1.200858473777771	-1.9001998901367188	2.609546184539795	0.018524054437875748	1.5019019842147827	1.2366366386413574	1.336942195892334	-1.9941368103027344	3.102574110031128	-0.1805795133113861	1.0933246612548828	0.20806023478507996	1.425441026687622	-1.81886887550354	0.03305859863758087	0.2699754238128662	-0.7528526782989502
-0.120252825319767	1.037010669708252	-0.3192479610443115	1.2036974430084229	0.9693438410758972	-1.2600663900375366	-0.5074865818023682	-0.9236353635787964	-1.1312910318374634	0.2499261200428009	0.5797719955444336	-1.5456732511520386	0.20710738003253937	-0.4844973385334015	-0.039975397288799286	-1.8659650087356567	0.2737804353237152	0.27824416756629944	-0.1513751745223999	0.5829528570175171	1.1102405786514282	-1.4800527095794678	0.15020057559013367	-0.006038922816514969	0.5730881690979004	0.708400309085846	0.4716123342514038	-0.6084756851196289	-1.2877644300460815	-0.07682016491889954	0.809199869632721	0.2501336932182312	-1.3546040058135986	-0.19889816641807556	-0.3602522611618042	-1.1791942119598389	0.6452910304069519	0.43755632638931274	0.12197062373161316	0.12445761263370514	1.72064208984375	-0.32483237981796265	-1.6552200317382812	0.6343812346458435	-2.0485382080078125	0.3028792142868042	-1.2360703945159912	0.42043718695640564	0.5479951500892639	-0.08315572142601013	-0.6231337785720825	0.5595610737800598	0.12843164801597595	0.8585825562477112	-0.31961679458618164	0.5659224987030029	-0.02982555329799652	0.6800417304039001	-0.9639365077018738	-0.6385796666145325	0.5206578373908997	-0.39877748489379883	-0.7612532377243042	2.7719619274139404	-0.1979735791683197	-0.6728044748306274	-1.848716378211975	2.6862335205078125	3.619994640350342	1.442224383354187	-1.6491388082504272	1.2677981853485107	0.7243584394454956	0.13305512070655823	-0.8749457597732544	-0.24417009949684143	0.4317362904548645	-0.713611900806427	-0.28903666138648987	-0.723141074180603	0.06610675901174545	-1.8566417694091797	-1.3959254026412964	-2.764671802520752	-2.5609230995178223	1.8300495147705078	-1.2089319229125977	-0.8895002603530884	0.17709095776081085	-1.0369387865066528	-0.6964218616485596	-1.3155286312103271	1.2784851789474487	2.0147600173950195	0.34642350673675537	0.4250013828277588	-1.1350895166397095	-0.7057454586029053	-2.067365884780884	-1.0766481161117554	-0.5076049566268921	-1.1125479936599731	-0.36408665776252747	0.781394362449646	0.9499005675315857	-1.571493148803711	1.3014787435531616	0.5878037810325623	0.7002421021461487	0.20168326795101166	-0.14775864779949188	0.3522903323173523	0.9185929298400879	-0.5619485974311829	-0.5016966462135315	-1.187982201576233	-0.2997105121612549	-0.5388867259025574	-0.06822163611650467	0.529776930809021	-0.6276284456253052	0.323483407497406	-0.19405707716941833	-2.3416099548339844	0.5489264726638794	1.5415064096450806	0.41085565090179443	0.469820499420166
-0.9599988460540771	-2.3122940063476562	0.03855205699801445	0.8252193331718445	0.716924786567688	2.5194108486175537	0.3824458718299866	-0.3327906131744385	-1.9794209003448486	2.791029691696167	1.1207878589630127	0.17160189151763916	-1.1220922470092773	-0.7909924983978271	2.2591493129730225	0.8622329235076904	1.5415490865707397	-0.31710314750671387	-1.058603286743164	-1.5280448198318481	-0.603023886680603	0.015829697251319885	0.5330473184585571	-1.3948884010314941	0.49056196212768555	0.3110448122024536	1.3728153705596924	-0.8558856844902039	0.7657769918441772	-0.20500141382217407	1.4618009328842163	1.2449434995651245	0.6640567779541016	0.18487361073493958	-3.7532012462615967	1.506877064704895	0.1012570708990097	-0.6272759437561035	0.7878000736236572	0.7257390022277832	-3.400461196899414	2.4847512245178223	1.2322627305984497	-1.5788339376449585	2.692837953567505	1.438568115234375	-0.8811503648757935	0.3023626506328583	0.8926334381103516	0.34766238927841187	1.7204850912094116	-1.176330327987671	2.6196799278259277	-2.2826850414276123	0.012130651623010635	-0.5714138746261597	-1.9606983661651611	-1.6373999118804932	2.6210973262786865	2.479903221130371	0.8708872199058533	0.0651976615190506	2.173790216445923	-2.3080246448516846	-1.1213715076446533	0.6164141297340393	-1.0489718914031982	-1.569047451019287	-1.3863873481750488	-4.427351474761963	1.5456128120422363	-0.33516526222229004	-2.468808889389038	1.7167778015136719	2.670661449432373	0.8927335739135742	-1.1355698108673096	0.7867619395256042	-0.050016045570373535	-1.5883407592773438	-1.5907659530639648	0.2826128304004669	0.2996908128261566	1.0153433084487915	0.5106403231620789	-1.8735257387161255	2.2644124031066895	-1.0713658332824707	-0.2331647425889969	-1.0949541330337524	1.191680908203125	0.36980366706848145	-0.19453729689121246	-0.06663165241479874	-1.6352618932724	0.4359171390533447	0.6499029994010925	0.07184532284736633	2.5522918701171875	-0.6179609894752502	-0.3775506615638733	-1.090879201889038	-0.1818164885044098	-2.032011032104492	0.9402941465377808	-2.1992878913879395	-0.1521383821964264	-0.4521711468696594	-0.8908714056015015	1.489438533782959	-2.2603073120117188	1.8572522401809692	-1.8791556358337402	0.8978127241134644	-0.37455254793167114	0.3807942867279053	3.6721582412719727	2.3739891052246094	-0.8683038353919983	3.25333571434021	2.9705629348754883	3.28766131401062	1.0309621095657349	1.6522797346115112	-2.2422099113464355	1.3714839220046997	0.9513667225837708	-1.3302431106567383
-0.04451262578368187	-0.8894276022911072	-1.5439579486846924	-0.24136057496070862	2.0483155250549316	0.03632974997162819	0.965548038482666	-0.689010500907898	-0.4247722327709198	1.5325912237167358	-1.6831172704696655	-0.7311639785766602	-1.1358933448791504	-0.2862977385520935	-0.8804230690002441	0.9514086842536926	0.22237512469291687	-0.13637562096118927	-0.4007944166660309	-2.0079052448272705	-0.3095802664756775	0.974708616733551	1.283933162689209	-0.9410935640335083	0.33249515295028687	0.1740102469921112	-0.3929845690727234	-1.2560844421386719	-0.19190287590026855	1.051381230354309	0.5570861101150513	0.5034649968147278	-0.28770145773887634	-0.6472148895263672	-2.9098477363586426	0.7094213962554932	-1.4376996755599976	-1.7315000295639038	0.264690101146698	1.1537708044052124	-0.7280332446098328	-0.20768795907497406	0.6089333295822144	-1.4888743162155151	1.96753990650177	0.240459144115448	-0.4810996949672699	-0.7244588732719421	0.7344186305999756	0.9119433760643005	0.2545057535171509	-0.9385014176368713	-0.4742177128791809	0.12306090444326401	0.26682835817337036	1.6801139116287231	-1.4795618057250977	-0.3511112332344055	1.6890017986297607	-0.2892014682292938	0.6872318983078003	-0.24788041412830353	0.47154998779296875	-0.8891353011131287	-0.11883433908224106	-1.1416500806808472	0.4525988698005676	0.3714442253112793	0.11254735291004181	-1.2322418689727783	-0.33797788619995117	-0.6383168697357178	-0.28460875153541565	-0.17993217706680298	0.9419223070144653	-0.06916114687919617	0.30339762568473816	-0.07810217142105103	-1.6704583168029785	-0.6633167266845703	-0.300598680973053	0.2661459445953369	-0.9334114789962769	-0.6960246562957764	0.10093264281749725	0.486714631319046	0.5542359352111816	-0.12945495545864105	0.3426870107650757	0.2525377869606018	-0.5298059582710266	0.30539095401763916	0.173333078622818	-0.22031450271606445	1.250759482383728	1.1981834173202515	0.9322519302368164	0.10109938681125641	-0.31046730279922485	0.2243357002735138	0.6479893326759338	0.3998034596443176	1.2395068407058716	0.4825000762939453	0.05606357008218765	1.0774891376495361	-2.2667298316955566	-0.13122043013572693	0.5307035446166992	-1.1005216836929321	-0.6079021096229553	1.11744225025177	-1.58467698097229	0.6908302307128906	1.261655569076538	0.6801328659057617	0.12903772294521332	0.26287204027175903	0.3689371347427368	2.9284956455230713	0.4124304950237274	1.4248231649398804	-0.6348066926002502	0.4831855297088623	-0.6478968858718872	-0.2815476655960083	0.32715821266174316	-0.14711056649684906
1.4768407344818115	0.8796185851097107	3.3158552646636963	-1.4241682291030884	-2.1172091960906982	-0.7389482259750366	-0.8349083662033081	2.8218085765838623	3.952047824859619	-2.164759397506714	0.5533204078674316	1.5815086364746094	0.5060592293739319	1.1609437465667725	-1.1918017864227295	-0.9466367959976196	-1.2372907400131226	-0.3501620888710022	-0.36763978004455566	0.40643617510795593	0.9012455940246582	0.7175835967063904	-0.21205419301986694	0.9421930909156799	-0.32754507660865784	-0.7907371520996094	2.258452892303467	1.9647611379623413	2.495408773422241	-2.1900296211242676	-1.4769325256347656	-1.3777626752853394	1.102173089981079	0.7776486873626709	4.5571370124816895	0.4572600722312927	2.0672717094421387	-0.4159935712814331	0.14412009716033936	-0.18146292865276337	-0.2555214762687683	-0.6827836036682129	0.31098058819770813	0.41567185521125793	-1.63065505027771	-0.45889782905578613	2.5919861793518066	0.11287914216518402	-1.5532783269882202	0.2370138168334961	1.3543163537979126	1.574735164642334	0.555802583694458	-0.8561384677886963	-0.22385163605213165	-0.05796576663851738	2.764644145965576	1.1845914125442505	-1.4716906547546387	-2.5885000228881836	-1.1654157638549805	0.2758873701095581	-0.9414635300636292	-0.68231600522995	1.5692493915557861	1.4963053464889526	1.0980737209320068	-2.3311314582824707	-2.9435691833496094	1.1260641813278198	1.3178131580352783	-0.3516409397125244	0.5893062353134155	-2.6835055351257324	-0.5623968839645386	0.10135046392679214	0.3425326645374298	-0.45431143045425415	2.847626209259033	2.2579426765441895	-0.6695763468742371	1.8359055519104004	1.9733595848083496	3.2289974689483643	3.598055839538574	-0.8062092065811157	-0.4220813512802124	2.328982353210449	-0.1354260891675949	1.5459614992141724	1.2325705289840698	2.0380465984344482	-1.3279352188110352	-1.3513225317001343	-1.6390448808670044	-2.539632558822632	-0.060599468648433685	1.7832181453704834	2.3211464881896973	1.043312430381775	0.7171908020973206	2.1962575912475586	-1.2218564748764038	-1.461279273033142	-2.8467063903808594	1.692046880722046	-0.04812034219503403	-1.0870126485824585	-1.1400470733642578	-1.2992371320724487	0.26739948987960815	-0.5526682138442993	0.7948812246322632	0.5584088563919067	0.6794645190238953	0.1023682951927185	-1.3284640312194824	-1.4493705034255981	0.7762186527252197	-4.180935382843018	-0.8772582411766052	-3.9313461780548096	-0.2720445394515991	-0.16027893126010895	2.699219226837158	-1.080005168914795	-2.848832607269287	-0.44005346298217773
-0.003748208051547408	-1.7047326564788818	-1.7228409051895142	0.6335663795471191	2.1052792072296143	-0.16611677408218384	0.5625994205474854	-0.6384434103965759	-2.0655362606048584	2.851350784301758	-0.8831549882888794	-1.9115328788757324	-0.7495657205581665	-1.7380115985870361	0.0623825266957283	1.892095685005188	-0.36237236857414246	-0.6271860599517822	-0.5914512872695923	-2.6507322788238525	-0.11191292852163315	0.7900238633155823	1.918647289276123	-0.21797135472297668	0.01973995938897133	0.48096588253974915	-0.3876187801361084	-1.6126844882965088	-0.33378058671951294	0.8784580230712891	0.36132895946502686	1.5038660764694214	-0.1500978320837021	-1.1083682775497437	-3.11238431930542	0.8040019869804382	-1.7118353843688965	-1.3887159824371338	0.7798147201538086	1.1846745014190674	-1.4671475887298584	0.10879699885845184	1.664040446281433	-1.3897101879119873	3.003898859024048	1.0353258848190308	-0.48289695382118225	-0.23894384503364563	0.4027385115623474	0.2950768768787384	0.3613004684448242	-3.089466094970703	0.015395551919937134	-0.683769941329956	1.4363869428634644	1.867673397064209	-2.125880479812622	-1.2717978954315186	2.6853795051574707	0.9986387491226196	1.4452924728393555	-0.6424543261528015	-0.21915847063064575	0.051751263439655304	0.17023512721061707	-1.0555508136749268	-0.5968457460403442	0.5124050974845886	0.281360000371933	-1.1815274953842163	-1.9806894063949585	-1.0461963415145874	-1.926081657409668	0.8802977204322815	1.9049698114395142	0.031547483056783676	0.25939616560935974	0.10242732614278793	-1.7127326726913452	-1.6769702434539795	-0.064879409968853	-0.5605766773223877	-0.3650375008583069	-1.8484761714935303	-0.8963795304298401	-0.3417065441608429	1.2234877347946167	-0.6192774176597595	0.8076615929603577	-0.2383285015821457	-1.1477115154266357	0.05093485489487648	0.7535681128501892	0.12399075925350189	1.199702262878418	2.958850383758545	1.0708352327346802	0.11924358457326889	-0.40367573499679565	0.3653782606124878	-0.3948861360549927	0.4551818370819092	1.0881400108337402	1.8045986890792847	0.46539080142974854	-1.1245508193969727	-0.8235951066017151	-0.7741339802742004	-1.0032029151916504	0.12216067314147949	-1.2256803512573242	1.5586400032043457	-2.3795714378356934	-0.3204387426376343	1.0806068181991577	0.8637429475784302	1.5374181270599365	0.887776792049408	0.22784477472305298	3.3024702072143555	0.0022835955023765564	3.0586836338043213	-0.7129434943199158	0.31577685475349426	-0.6177558302879333	-0.5206136703491211	1.0632520914077759	0.4219643473625183
0.3701982796192169	1.121801495552063	-1.658798098564148	0.2137235403060913	-0.3905538022518158	-1.5521386861801147	0.8750029802322388	-0.007470456883311272	-0.25183558464050293	-1.7017366886138916	-0.5361786484718323	-0.4347921311855316	0.710267961025238	0.47624698281288147	-0.43391501903533936	0.28607624769210815	-0.6472389101982117	0.21135839819908142	1.6392987966537476	1.4972920417785645	-0.30738213658332825	-1.0552693605422974	0.3989504873752594	0.07136562466621399	-0.9601366519927979	-0.2641391158103943	-1.5905711650848389	0.6251786351203918	-2.3622777462005615	1.5937379598617554	-0.4659420847892761	-0.5044339895248413	-0.9951916337013245	-0.07662063837051392	1.6881965398788452	-1.3851925134658813	-0.4321293234825134	0.6342921257019043	-0.3316192030906677	-1.455208420753479	3.0776422023773193	-1.1644790172576904	-1.4878730773925781	1.1302028894424438	-1.2583705186843872	-0.5861604809761047	-1.0779470205307007	-0.2886439561843872	0.729932963848114	-1.0508513450622559	-0.7675163149833679	0.7370569705963135	-2.9932198524475098	0.8553111553192139	0.33366215229034424	-0.27453652024269104	0.14246121048927307	0.8550977110862732	-1.609877586364746	-0.15990938246250153	0.11337952315807343	-0.9013491868972778	-1.0652108192443848	1.1720631122589111	0.20634570717811584	0.2790593206882477	0.4944225251674652	0.9636815190315247	1.877972960472107	2.8231418132781982	-2.1877148151397705	0.18523633480072021	1.226340651512146	-0.5885062217712402	-1.6989598274230957	-0.7619730830192566	0.10795102268457413	0.4548566937446594	-0.517911434173584	0.4844397306442261	0.7177138924598694	-0.40789225697517395	-1.1026558876037598	-1.3155936002731323	-1.8057305812835693	0.9953885674476624	-1.497111201286316	-1.0069218873977661	0.7180513143539429	-0.37685513496398926	-0.9595411419868469	-0.6342899799346924	0.9570454955101013	-0.25160109996795654	1.3639785051345825	1.0866005420684814	-0.2729077637195587	0.02963564358651638	-1.1848559379577637	-0.5878573656082153	0.08308437466621399	-0.8712871074676514	0.4900055229663849	1.735318660736084	1.3579314947128296	0.5433914065361023	0.527786374092102	0.04493182152509689	1.1373796463012695	0.5096679925918579	1.0400713682174683	-1.6332615613937378	0.41313955187797546	-0.2721370756626129	-1.8722296953201294	-0.23848100006580353	-2.176455020904541	-1.2480272054672241	-0.14150896668434143	0.010279122740030289	-1.3757890462875366	-1.8042789697647095	-1.0099875926971436	-0.7616699934005737	-0.36129286885261536	0.33407309651374817	-0.19793583452701569	1.8347336053848267
-0.4891388416290283	-0.25194433331489563	-2.0153210163116455	1.0698037147521973	1.7828805446624756	-1.1818913221359253	0.3011561334133148	-1.7013647556304932	-1.0419889688491821	0.9796033501625061	-0.32697537541389465	-1.2011781930923462	0.45957881212234497	-0.020984962582588196	-0.6723905205726624	-0.179722398519516	0.6935144662857056	0.6314115524291992	0.4627191722393036	-0.1373710334300995	0.24050846695899963	-0.8583928942680359	-0.4104157090187073	0.13066869974136353	0.22721612453460693	0.45104771852493286	-1.1960656642913818	-0.5076545476913452	-0.49221426248550415	0.9328196048736572	1.0346370935440063	0.3526795506477356	-0.8951542973518372	-1.276586890220642	-0.9451930522918701	-1.67549729347229	0.021035052835941315	0.3403448462486267	-0.2772742211818695	0.3953137993812561	1.8610590696334839	-0.12037467956542969	-1.0620367527008057	-0.7369394302368164	-1.347350001335144	0.49172037839889526	-1.481697678565979	-0.036016061902046204	0.48371565341949463	-0.21660403907299042	-1.2585554122924805	0.5572494268417358	-1.3717371225357056	1.343368649482727	0.29870039224624634	0.05757521837949753	-1.3454859256744385	0.37408900260925293	0.14938387274742126	0.37453120946884155	1.2631149291992188	-0.31476759910583496	0.4468725323677063	2.431161642074585	-0.40888139605522156	-1.2431762218475342	-0.5113784074783325	2.9959261417388916	2.0541675090789795	-0.02735368348658085	-0.926272451877594	0.2437737137079239	1.0098358392715454	0.38047340512275696	-1.113603115081787	-0.5241573452949524	0.4105725884437561	0.1963394582271576	-0.702430248260498	-0.4729175567626953	0.7019345760345459	-1.0949609279632568	-1.8249521255493164	-3.04508113861084	-1.9785828590393066	0.9408440589904785	-0.7741251587867737	-0.16821716725826263	-0.5543342232704163	0.11450638622045517	-1.1913481950759888	-0.7712998390197754	1.375132441520691	0.7201383113861084	1.1159330606460571	0.47589316964149475	0.22646045684814453	-0.5678889751434326	-2.7334630489349365	-0.8471185564994812	0.3982241749763489	-1.4177989959716797	0.32726016640663147	1.1074241399765015	1.7043513059616089	-1.0687135457992554	-0.10583065450191498	1.3121185302734375	1.0210011005401611	0.6304702758789062	0.12045324593782425	-0.1054532378911972	0.8865721225738525	-0.7949392795562744	0.35687974095344543	-0.504793643951416	-0.18226075172424316	0.4060806632041931	0.012598447501659393	1.044142246246338	0.30271008610725403	1.4167776107788086	-0.08406918495893478	-0.55478835105896	-0.7437201738357544	1.0612009763717651	1.1906408071517944	0.5990227460861206
-0.7111830115318298	0.15798521041870117	1.8878300189971924	-0.670063853263855	-2.756636619567871	2.316826105117798	0.25789350271224976	1.4552932977676392	1.108304738998413	-0.8294742703437805	1.1009825468063354	2.6120150089263916	0.6751986145973206	0.2577020823955536	1.0392152070999146	0.1896626055240631	0.7422265410423279	-0.4165124297142029	-0.8641584515571594	1.0982853174209595	-0.4619057774543762	0.6359719634056091	-0.0633450597524643	0.35981523990631104	-0.4290865957736969	-0.540633499622345	1.0751752853393555	1.181504487991333	1.1413687467575073	-0.7599757313728333	-1.2292977571487427	-0.8331760764122009	0.954383373260498	0.9958764314651489	1.9713605642318726	1.1351203918457031	0.6948105096817017	0.18084892630577087	-0.1346450001001358	-0.693383514881134	-1.9638397693634033	-0.47082898020744324	1.006679654121399	0.9319076538085938	0.08391066640615463	-0.3747079074382782	1.1707969903945923	-0.09515629708766937	-1.0659583806991577	-0.9162712097167969	0.34202370047569275	-0.10432356595993042	1.5344082117080688	-0.5970807075500488	-0.5161787271499634	-1.8463596105575562	1.061589002609253	0.539154589176178	-1.105738878250122	0.800173282623291	-1.7022136449813843	0.4412349462509155	0.4830305874347687	-2.2921431064605713	0.2964930236339569	1.3539807796478271	-0.029079578816890717	-3.0651936531066895	-2.0986530780792236	-0.46779558062553406	1.753179669380188	-0.3715822100639343	0.011617079377174377	-1.1067030429840088	0.5652295351028442	0.5109650492668152	-0.01967223733663559	0.2816176414489746	0.8545271158218384	1.005784511566162	-0.8657486438751221	1.4702560901641846	1.4326494932174683	2.829620122909546	3.086575984954834	-1.5643806457519531	1.1644786596298218	0.8926829695701599	-0.45975038409233093	0.29534268379211426	1.2202825546264648	1.0155352354049683	-2.464608907699585	-1.1236692667007446	-1.8041220903396606	-1.7940562963485718	0.2109840214252472	0.3223823010921478	2.2423341274261475	1.1692767143249512	-0.21641065180301666	1.0727298259735107	-1.0140206813812256	-1.2753362655639648	-2.456239938735962	1.0048601627349854	0.45792096853256226	-0.6185344457626343	-0.3115967810153961	-0.601351261138916	0.19144394993782043	-0.5557156801223755	0.2717176675796509	0.0420934334397316	-0.04547516256570816	0.6015218496322632	0.6176851987838745	-0.41564100980758667	-0.7992957830429077	-2.4411284923553467	0.28682777285575867	-1.725659966468811	1.0389132499694824	0.47215744853019714	0.44021153450012207	-1.4642117023468018	0.1610024869441986	-0.37707358598709106
0.6484507322311401	0.43963560461997986	2.1762378215789795	-0.6140109896659851	-1.6012803316116333	0.07233615964651108	0.12063246220350266	1.182611107826233	2.227346897125244	0.22153888642787933	-0.4925907850265503	0.2769947052001953	-1.2054469585418701	-0.2628714442253113	-0.8745784163475037	0.4507889151573181	-1.1325801610946655	-1.0070518255233765	-1.1397932767868042	-1.3759236335754395	0.2856959402561188	1.4378238916397095	0.5440528392791748	-0.1665579378604889	0.4335007071495056	-0.01754302717745304	1.5389881134033203	0.2583187222480774	1.6224905252456665	-1.8706512451171875	-0.9406933188438416	0.04769233614206314	0.3062269389629364	0.48885974287986755	2.1641595363616943	0.7851429581642151	0.8906797170639038	-0.8985315561294556	0.23338814079761505	0.31243813037872314	-1.2648826837539673	-1.6815505027770996	1.3975903987884521	0.005986835807561874	1.3409574031829834	-0.5760985016822815	1.8723852634429932	-0.6283031105995178	-1.5048346519470215	0.030007462948560715	1.2215385437011719	-0.8357576131820679	1.4897222518920898	-0.8802722692489624	1.4485101699829102	0.760300874710083	0.8865209817886353	-0.41424837708473206	0.6624734997749329	-1.5773608684539795	-0.8782898187637329	-0.08583417534828186	-1.0163403749465942	-1.5120595693588257	0.9215326905250549	0.6691668629646301	0.8666509389877319	-2.153379440307617	-2.1043050289154053	-0.12500521540641785	0.624986469745636	-1.2288235425949097	-0.8029162883758545	-1.152639389038086	0.7751134634017944	-0.07279689610004425	1.0323975086212158	-0.3292391896247864	0.912101149559021	1.3629114627838135	-0.6297253966331482	0.6911382079124451	1.8554233312606812	1.7939515113830566	2.4225072860717773	-1.1378682851791382	0.660881757736206	1.1248441934585571	-0.18373863399028778	0.630704939365387	0.19193658232688904	0.9196861982345581	-0.827957272529602	-0.5350693464279175	-0.03974103555083275	-0.4633563458919525	0.4605568051338196	0.575571596622467	1.5403913259506226	1.312978982925415	0.12407712638378143	2.101707935333252	0.11299490928649902	-0.1023993268609047	-2.440093994140625	1.4454872608184814	-1.1606090068817139	-1.7856673002243042	-1.168891191482544	-1.1472276449203491	-0.23532307147979736	-0.48624762892723083	-0.5603634119033813	-0.23339927196502686	2.2762632369995117	0.5514305830001831	0.26494690775871277	-1.1185563802719116	1.70009183883667	-1.7205802202224731	0.16097721457481384	-1.0248137712478638	-0.3060072660446167	0.5970546007156372	2.220676898956299	-1.8031433820724487	-1.5072863101959229	-0.2895180583000183
-0.38566744327545166	0.785927951335907	-1.9990694522857666	1.2194393873214722	1.7113970518112183	-2.1909468173980713	0.6005133390426636	-2.1065938472747803	-1.8581650257110596	-0.5101171135902405	-1.1411546468734741	-0.8793365359306335	0.3810229003429413	-0.33685898780822754	0.12295512855052948	-1.5387862920761108	-0.2597165107727051	-0.06124909222126007	0.28352442383766174	1.6295307874679565	0.969275712966919	-0.9344891309738159	-0.14864368736743927	0.3420567214488983	0.4461861848831177	1.5992170572280884	-1.6512882709503174	-0.8465842604637146	-2.5055418014526367	0.521904706954956	0.2361166626214981	0.060817793011665344	-2.0333073139190674	-0.9352126121520996	0.28934767842292786	-1.9093375205993652	0.24583184719085693	-0.4193915128707886	-1.180450677871704	0.530134916305542	2.7730844020843506	-1.379710078239441	-2.4677648544311523	0.8023717999458313	-2.3535616397857666	-0.5506235361099243	-1.4578146934509277	-0.1450403928756714	0.8045899271965027	-0.24608208239078522	-2.270395278930664	1.4074389934539795	-2.968691110610962	2.2563953399658203	-0.5289055705070496	0.39375653862953186	-0.05084933340549469	0.6271814703941345	-1.9432668685913086	-1.3744885921478271	1.5096770524978638	-0.34658581018447876	-0.2391313910484314	3.2892112731933594	-1.077114224433899	-1.4346030950546265	-0.14659561216831207	3.356959819793701	4.5868754386901855	3.3160502910614014	-2.576991081237793	1.3798733949661255	2.1497082710266113	0.4616684019565582	-2.976499557495117	-1.0311789512634277	0.47219374775886536	-1.009074330329895	-1.3789832592010498	-0.6528497934341431	1.108923316001892	-2.838557720184326	-2.2738616466522217	-3.324467658996582	-3.1941654682159424	2.095341444015503	-1.7660760879516602	-1.5020204782485962	-0.23356738686561584	-0.7600082159042358	-1.6011064052581787	-1.4851893186569214	1.3844701051712036	1.9563926458358765	2.004446268081665	0.8694684505462646	-1.4243731498718262	-0.3998776376247406	-4.235965728759766	-1.2109678983688354	1.0936673879623413	-1.9378734827041626	-0.4050385355949402	1.2023533582687378	2.364583969116211	-0.49310654401779175	0.35608354210853577	1.0142388343811035	1.6867297887802124	-0.17016273736953735	1.0263663530349731	0.02663198672235012	1.7900540828704834	-1.3580390214920044	-0.45389971137046814	-2.1350200176239014	-1.6585922241210938	-0.25478804111480713	0.2023501694202423	0.8804134130477905	-1.3465670347213745	-1.05787992477417	-0.5082702040672302	-1.8335561752319336	0.07564247399568558	0.019874975085258484	0.3145504593849182	0.614224374294281
-0.3375639319419861	1.1921275854110718	3.0381433963775635	-1.276046872138977	-3.835636854171753	1.50458824634552	-0.33630838990211487	1.9621741771697998	2.47000789642334	-1.6780390739440918	0.897646963596344	1.9253348112106323	0.9170870184898376	2.111009359359741	0.37916308641433716	-0.6190717816352844	-0.9609517455101013	-0.2672489881515503	-0.28099575638771057	0.6955434679985046	-1.3396960496902466	-0.3367704749107361	-0.801058292388916	0.8075892925262451	0.09420669078826904	-0.6496642827987671	1.8043231964111328	1.735323190689087	0.9425420165061951	-1.6716644763946533	-2.437065601348877	-1.5281193256378174	1.4544367790222168	0.2845333516597748	2.9421675205230713	0.25499510765075684	1.6498134136199951	0.8456824421882629	-1.8619095087051392	-1.730589509010315	0.17270848155021667	-0.891396701335907	0.6969327330589294	1.3119319677352905	-0.48485448956489563	-1.027480959892273	1.4288268089294434	0.44268348813056946	-1.8718593120574951	-0.8363308310508728	0.3023179769515991	1.50711989402771	1.8271310329437256	-0.44886526465415955	1.1006965637207031	-0.9860832095146179	2.0253512859344482	0.8500509858131409	-1.0374624729156494	-0.8153637051582336	-3.0099539756774902	1.004210114479065	-1.554810643196106	-0.8435612916946411	1.794602394104004	2.4371225833892822	-0.3072829842567444	-2.425306797027588	-1.7386717796325684	-0.06486610323190689	1.8495250940322876	-0.7261055111885071	-0.203687384724617	-2.2596404552459717	0.1710595190525055	0.1579105257987976	0.9155309796333313	-0.23138803243637085	2.7357301712036133	1.423560619354248	-1.1636525392532349	0.9848014712333679	1.6802843809127808	3.62287974357605	2.8409550189971924	-1.0056980848312378	0.031203487887978554	1.491297960281372	-0.4750865399837494	0.5276721715927124	1.2009732723236084	1.4517598152160645	-2.214778423309326	-0.844518780708313	-2.2609500885009766	-2.3809750080108643	-0.45741525292396545	0.06965293735265732	2.2852799892425537	1.2356410026550293	-0.9978063106536865	1.723254680633545	-1.6398009061813354	-1.0995123386383057	-2.8999767303466797	2.478076457977295	-0.07255648076534271	-0.8705074191093445	0.3734510838985443	-0.13260149955749512	0.04248400777578354	-1.8516759872436523	0.7098576426506042	-0.8049759268760681	0.5038583874702454	-0.4112738370895386	-0.6245452165603638	-2.411254644393921	0.08426892757415771	-4.772337913513184	0.0843312069773674	-3.5930960178375244	1.2591900825500488	-0.23438456654548645	1.7886707782745361	-0.6517584919929504	-1.6129955053329468	0.2897491455078125
1.9887492656707764	1.1550544500350952	4.734023094177246	-1.9183005094528198	-3.9201576709747314	-0.32540369033813477	-1.6352797746658325	3.4054207801818848	4.95393705368042	-3.7953073978424072	0.9149988889694214	2.482776165008545	0.4981483817100525	1.125125527381897	-1.5387377738952637	-1.3606905937194824	-1.4006770849227905	-0.09836317598819733	-0.07845919579267502	1.6983814239501953	1.0300036668777466	-0.11381267011165619	-1.4315822124481201	0.693066418170929	-0.754340410232544	-0.8554176092147827	2.114999532699585	3.2832837104797363	3.7776193618774414	-2.6517133712768555	-1.7537912130355835	-1.6388221979141235	1.743962287902832	1.6946783065795898	6.580061435699463	0.737491250038147	3.064558267593384	0.8719548583030701	-0.8120542764663696	-1.1146388053894043	0.06470233201980591	-0.7635329365730286	0.04099619388580322	1.5542564392089844	-2.450157403945923	-2.3061094284057617	3.241536855697632	-0.2739741802215576	-2.482691526412964	0.009402086958289146	0.8968499302864075	2.856168508529663	0.7569388151168823	-0.6442787051200867	-0.28267359733581543	-1.6284558773040771	3.0076942443847656	0.66582190990448	-1.8807713985443115	-2.6422910690307617	-2.050832509994507	0.8607641458511353	-0.733239471912384	-1.0350594520568848	1.6228593587875366	2.1419904232025146	1.888695478439331	-2.95912504196167	-3.2049906253814697	1.597653865814209	2.7834088802337646	-0.14128577709197998	1.1518439054489136	-2.152923583984375	-0.03642380237579346	-0.20204466581344604	0.5624741911888123	-0.5575932860374451	3.3818023204803467	3.2390286922454834	0.00018322467803955078	2.836124897003174	3.0971343517303467	4.766973972320557	4.512784481048584	-0.4418182075023651	-1.6355187892913818	2.6222140789031982	-0.4549630880355835	1.5843700170516968	1.0621942281723022	2.2548420429229736	-1.6710224151611328	-0.5774085521697998	-2.2256879806518555	-3.8906869888305664	-0.3296995460987091	1.7554582357406616	3.034135341644287	1.0287797451019287	-0.6514372229576111	2.401764392852783	-1.9850404262542725	-2.080477237701416	-3.303130626678467	2.6138501167297363	-0.20995411276817322	-0.779130756855011	-1.470792531967163	-0.841446042060852	1.1419421434402466	-1.6465039253234863	2.2946720123291016	-0.47654563188552856	0.6790614724159241	0.3605468273162842	-2.224748134613037	-2.221717119216919	0.7806270718574524	-6.2328619956970215	-0.03785019740462303	-5.350422382354736	-0.4405372738838196	0.6383042335510254	2.895146608352661	-0.5867131948471069	-4.313811302185059	-0.1504809558391571
0.26282998919487	1.3975385427474976	-0.09679023921489716	0.4001023471355438	-0.46028926968574524	1.02164888381958	-0.48925718665122986	-1.1336392164230347	0.8908272981643677	0.7437324523925781	-0.8821108341217041	-0.3242717683315277	-1.863828182220459	-0.3744168281555176	-0.04220585525035858	0.3732941746711731	-0.17409813404083252	-0.028140723705291748	-1.003041386604309	-0.7808506488800049	-0.8399940729141235	0.6259793639183044	-0.20005929470062256	-1.0886640548706055	-0.046497903764247894	-0.4754708707332611	1.7291367053985596	-0.35909217596054077	0.3036801815032959	-0.8199605345726013	0.1729809194803238	-0.04649430885910988	0.7828276753425598	-0.23719057440757751	0.13328522443771362	-0.5183799862861633	-0.24339643120765686	0.5966706871986389	0.20783095061779022	-0.2781955599784851	-0.4018927216529846	-0.9491434693336487	-0.4576452076435089	-1.6979602575302124	0.09755346179008484	-0.1964443325996399	-0.36580386757850647	-0.3450286388397217	-0.7014027833938599	0.2795483469963074	-0.4025096893310547	-0.5818589329719543	0.22198596596717834	0.7205101847648621	0.5486996173858643	0.6955408453941345	-0.9265974760055542	0.041505686938762665	1.008255958557129	-0.1445104479789734	-0.5930081009864807	-0.20915471017360687	-0.09215842932462692	-1.304542899131775	0.4309080243110657	0.20533910393714905	0.6874732971191406	-0.7864506840705872	0.21653231978416443	-1.4844952821731567	1.3268581628799438	-0.3011212944984436	-0.1226295530796051	0.19865727424621582	0.6306802034378052	-0.03890269994735718	0.19874125719070435	0.0358223058283329	1.1876013278961182	0.9434766173362732	-0.034813910722732544	0.4409947693347931	0.40154361724853516	-0.545743465423584	0.2983635365962982	-0.5061542987823486	0.18080908060073853	-0.11841030418872833	0.422719269990921	1.2191917896270752	-1.0738862752914429	-0.8445964455604553	0.19554877281188965	0.8549177646636963	0.9813878536224365	0.17576029896736145	-0.6157431602478027	-0.7026563882827759	0.3149445652961731	0.5161752700805664	0.10335507988929749	0.782686173915863	0.4450898766517639	0.9209346175193787	-1.2636091709136963	0.9170356392860413	-0.594875693321228	0.3243865966796875	0.9666581153869629	-1.0494275093078613	0.09379210323095322	-0.8240294456481934	-0.5263704061508179	0.5395839810371399	1.4957857131958008	0.41692233085632324	0.14421607553958893	-0.27893489599227905	0.5842829942703247	0.6538467407226562	0.15152251720428467	0.2786538600921631	0.4403567612171173	0.7289730906486511	0.3720782399177551	-0.5775073170661926	0.45539718866348267	0.33239102363586426
1.7248324155807495	0.27511322498321533	2.481285810470581	-1.9516017436981201	-1.936116337776184	-0.8765328526496887	0.7601515054702759	2.356292247772217	4.211297035217285	-1.8595861196517944	0.12485731393098831	1.1740467548370361	0.15666642785072327	1.257020115852356	-1.5174189805984497	0.09265794605016708	-1.0338976383209229	0.11268605291843414	-0.316702276468277	-1.1235146522521973	0.17034810781478882	0.9352506399154663	0.770675778388977	-0.9520272612571716	0.14177127182483673	-1.5356873273849487	1.9930450916290283	0.6092738509178162	2.1139779090881348	-0.4723980724811554	-1.2548350095748901	-1.1325763463974	0.6788656115531921	1.0359855890274048	2.710592746734619	0.7531100511550903	1.4396026134490967	-1.3411016464233398	0.6881812810897827	-0.20692823827266693	-1.4461802244186401	-0.2637549936771393	0.25726327300071716	-0.6966767311096191	0.8632974624633789	-0.9233326315879822	2.4507358074188232	0.18343135714530945	-1.2355995178222656	0.7403882145881653	1.5066163539886475	0.9665423035621643	0.4112544357776642	-1.007822871208191	0.6944250464439392	1.2704927921295166	2.1092262268066406	1.3406773805618286	0.2512030303478241	-2.0041003227233887	-1.9212963581085205	0.8318533301353455	-1.9535890817642212	-2.2143871784210205	2.012157917022705	1.9507956504821777	0.9786574840545654	-2.0834360122680664	-2.958562135696411	0.1498616337776184	1.0753881931304932	-0.4114759564399719	-0.0571405366063118	-2.5112414360046387	0.03002113662660122	-0.20589587092399597	0.4758070409297943	-0.8367851376533508	1.0269101858139038	2.3495819568634033	-1.2963439226150513	2.25545334815979	1.6108319759368896	3.412179946899414	4.986488342285156	-0.18151843547821045	0.5792312026023865	1.2386040687561035	1.211071491241455	2.351738929748535	0.7244465947151184	3.076387643814087	-1.4339146614074707	-2.337233781814575	-1.053999662399292	-2.148268699645996	0.4066341519355774	1.4260773658752441	2.666980266571045	1.4811943769454956	-0.16376511752605438	2.1994709968566895	-0.0717194452881813	-1.8960011005401611	-4.0712409019470215	3.649559497833252	-0.749961793422699	-2.0095086097717285	-0.7143808007240295	-1.6994962692260742	-0.16241011023521423	-0.27521494030952454	0.3961356580257416	0.3782094419002533	0.9539925456047058	0.8373829126358032	-1.1790608167648315	-0.8493553400039673	1.1406381130218506	-2.639965534210205	-1.0593585968017578	-2.7069246768951416	-0.44032326340675354	0.13658738136291504	1.8972303867340088	-0.9948066473007202	-2.7771201133728027	0.030778300017118454
1.2831803560256958	0.36873966455459595	2.7993505001068115	-1.4736788272857666	-2.452388048171997	-1.2328567504882812	-1.9144939184188843	3.0666534900665283	1.7821340560913086	-2.860546112060547	1.0917093753814697	1.867559552192688	1.0529289245605469	-0.25729072093963623	0.06297826766967773	-1.0951625108718872	-1.3986551761627197	0.08338500559329987	0.026646707206964493	1.9611376523971558	1.4116363525390625	0.16737361252307892	-0.8823894262313843	1.2005259990692139	-1.4678905010223389	-1.2564218044281006	1.0339553356170654	1.4539545774459839	2.283323049545288	-0.868629515171051	-1.3399879932403564	-1.038024663925171	0.8223675489425659	2.5918784141540527	4.214756488800049	1.4504470825195312	1.4965453147888184	0.47832512855529785	0.23860949277877808	0.1354384422302246	-0.15237221121788025	0.25309404730796814	-0.12310973554849625	1.371373176574707	-0.9181260466575623	-0.8510655164718628	2.1531174182891846	0.7178320288658142	-0.8100795745849609	-0.520871102809906	0.9426444172859192	0.6863083839416504	-0.17656131088733673	-1.6442869901657104	-1.3582388162612915	-0.8083198070526123	3.030316114425659	0.3823474049568176	-2.6699843406677246	-0.9761891961097717	-0.44726309180259705	0.7615021467208862	-0.2002287209033966	0.007084567099809647	0.49696189165115356	1.2554824352264404	0.4452786445617676	-1.5731914043426514	-1.7994102239608765	2.4493625164031982	0.44741809368133545	0.4712461829185486	0.8016442060470581	-1.31467866897583	-0.5715286731719971	-0.2760699391365051	-0.2578493654727936	0.538415253162384	1.6265473365783691	1.1956071853637695	0.5883026719093323	1.7557213306427002	1.7739907503128052	2.3990259170532227	2.265573501586914	-1.1390899419784546	-0.9937092065811157	1.5837585926055908	-0.42608642578125	0.12541458010673523	1.103107213973999	1.6672905683517456	-0.5374085903167725	-0.48433491587638855	-1.6244503259658813	-1.812549352645874	-1.1818320751190186	1.1563206911087036	2.3887667655944824	-0.02867894619703293	-0.21469169855117798	1.749225378036499	-0.8351212739944458	-1.0168834924697876	-1.9426767826080322	-0.16945147514343262	1.2324119806289673	-0.9446895718574524	-2.2663509845733643	-0.10147662460803986	0.8681437969207764	-0.36985015869140625	1.125929594039917	0.6564015746116638	-2.246183395385742	0.3318835198879242	-2.132434844970703	-0.8894466161727905	0.06714179366827011	-3.999908924102783	-1.6576999425888062	-2.7961623668670654	-0.17857667803764343	-0.8226615786552429	2.0924229621887207	0.3831203877925873	-2.74291729927063	0.06549428403377533
1.0480257272720337	0.8822069764137268	2.9916396141052246	-1.2115694284439087	-2.320197343826294	-0.2774209976196289	-0.4475930631160736	2.299147129058838	4.023828506469727	-2.3285367488861084	0.5237798690795898	2.1853909492492676	0.49800342321395874	1.9336497783660889	-0.8148221373558044	-1.6327084302902222	-0.22071623802185059	-0.7492358088493347	-0.6506156921386719	0.7260822057723999	0.8179537057876587	0.31396710872650146	-1.0154645442962646	0.3438498079776764	1.0253205299377441	0.2747877240180969	1.2477490901947021	1.9203778505325317	2.369178295135498	-1.5504225492477417	-0.9372397065162659	-1.013033151626587	0.10092097520828247	1.4093701839447021	4.103678226470947	0.36020171642303467	2.4481208324432373	-0.45635557174682617	0.07612330466508865	-0.10062995553016663	-0.22544053196907043	-1.468286156654358	-0.13901132345199585	0.5939714908599854	-1.605786919593811	-1.0589570999145508	2.592923164367676	-0.72654128074646	-0.9078996777534485	0.599235475063324	1.6452815532684326	1.7330434322357178	1.3949904441833496	-1.3159923553466797	-0.9186031818389893	-0.8146082758903503	3.295095205307007	0.19027557969093323	-2.6975600719451904	-2.142195224761963	-1.1121026277542114	0.18203771114349365	-0.359412282705307	-0.43310442566871643	0.20141369104385376	1.6904629468917847	0.9744840860366821	-2.2730565071105957	-2.821354627609253	1.617907166481018	1.6508194208145142	-0.7879123091697693	1.3839446306228638	-2.025442361831665	-1.2349122762680054	-0.14421498775482178	0.63973069190979	-0.4035377502441406	2.389918088912964	2.370579719543457	-0.883011519908905	0.9315744042396545	1.6604387760162354	3.475604295730591	3.336491107940674	-0.9118781089782715	-0.005730087868869305	1.9410645961761475	-0.8716182708740234	0.7942276000976562	2.317948341369629	1.972723126411438	-1.9103490114212036	-1.5302878618240356	-1.9678771495819092	-2.9291632175445557	-0.22215893864631653	1.1737192869186401	1.6238168478012085	0.6053857803344727	0.7453335523605347	1.6494859457015991	-1.8310707807540894	-2.760556936264038	-2.3404974937438965	1.5871050357818604	0.2243562638759613	-1.3926780223846436	-1.2625125646591187	-0.825413703918457	0.055793389678001404	-0.40959715843200684	1.7816190719604492	0.3704011142253876	-0.5013213753700256	0.34276604652404785	-1.2249436378479004	-1.9428818225860596	1.0001676082611084	-4.266486167907715	-0.8902992010116577	-3.280996561050415	0.27529406547546387	-0.5343784093856812	2.466658353805542	-1.4900226593017578	-2.6521189212799072	-1.4956693649291992
-0.8495131731033325	-1.2900453805923462	0.16216258704662323	0.30717530846595764	1.364786148071289	2.745596408843994	-0.31858041882514954	-0.3272213935852051	-1.4610604047775269	2.601613998413086	-0.07389821857213974	-0.436219185590744	-1.0595874786376953	-1.6882150173187256	1.1773773431777954	1.4104431867599487	0.9775254130363464	0.32400989532470703	-0.010466914623975754	-2.3156797885894775	-0.4455931782722473	0.3234882354736328	0.007370498031377792	-0.06511454284191132	0.6659231185913086	-0.010472179390490055	0.7597010731697083	-0.38798877596855164	0.059454742819070816	-0.16777050495147705	1.3608953952789307	0.6112733483314514	1.2375411987304688	-1.2853327989578247	-3.991550922393799	1.4941704273223877	-1.9622708559036255	-0.2943694591522217	0.821503758430481	-0.6846226453781128	-1.9541823863983154	2.3040590286254883	2.1122989654541016	-0.9256465435028076	2.207210063934326	1.3569464683532715	-1.0568970441818237	0.6651051044464111	0.89798903465271	0.3441656827926636	1.080241322517395	-2.8100128173828125	2.348304510116577	-0.7382913827896118	0.26811784505844116	0.23652097582817078	-1.5379977226257324	-1.0191843509674072	2.940882444381714	2.554622173309326	-0.6985538005828857	0.0482950359582901	1.6104276180267334	-2.1318275928497314	-0.11081957072019577	0.3823913633823395	-0.37399014830589294	-0.6696726083755493	-1.3899341821670532	-3.573389768600464	0.5451095700263977	-0.3979450464248657	-2.11602520942688	1.428653597831726	2.4117257595062256	1.5846725702285767	-0.7011697888374329	0.9029673933982849	-0.4180618226528168	-1.088654637336731	-0.8009453415870667	-0.09961730986833572	0.2813490033149719	0.4243982434272766	-0.11848419159650803	-0.7480347752571106	1.939581274986267	-0.5319044589996338	0.6610075831413269	-0.3175801634788513	0.24554315209388733	-0.27596181631088257	-0.03528725355863571	-0.17070357501506805	-1.1037163734436035	1.5298486948013306	1.18044912815094	-0.06292394548654556	1.3690829277038574	0.4422015845775604	-1.0369397401809692	0.006055869162082672	0.3990112841129303	0.62037193775177	0.0663856789469719	-0.9538760185241699	-0.05382383614778519	0.6410046219825745	-0.195034921169281	0.7348871231079102	-1.5635367631912231	1.6899350881576538	-2.7255966663360596	1.051386833190918	1.4428895711898804	0.8568633794784546	2.138486862182617	1.9796382188796997	-1.6126973628997803	3.1497890949249268	2.451875686645508	1.9558289051055908	1.3808536529541016	1.8806253671646118	-1.998069167137146	0.2962290048599243	1.9868203401565552	-0.524588406085968
0.2495921552181244	0.6418732404708862	-1.2481240034103394	1.238044023513794	-0.41253697872161865	-0.9744799733161926	1.2991137504577637	-1.1413040161132812	0.7278908491134644	-0.9809566736221313	-0.407675176858902	0.6986151337623596	2.3661060333251953	1.6933929920196533	-0.4101916551589966	-0.7935739159584045	0.5380926728248596	-0.33372122049331665	2.8139469623565674	1.02781081199646	-0.09353698045015335	-1.526171088218689	-0.13272005319595337	-1.1518211364746094	1.0057724714279175	-0.6352129578590393	-2.7176599502563477	0.4069128632545471	-1.2305654287338257	0.8889836072921753	-0.4001757502555847	-0.03021319955587387	-1.1017804145812988	-0.8567483425140381	-1.7130260467529297	-1.5256869792938232	0.09154482185840607	-0.06732973456382751	-0.7338697910308838	-0.3962254524230957	2.773808717727661	0.19691279530525208	-0.990836501121521	0.14230075478553772	-0.47180089354515076	-0.28237444162368774	-0.31782951951026917	-1.331952452659607	1.1705601215362549	0.46651995182037354	-0.8103309273719788	2.021867275238037	-0.9923907518386841	-0.2712348699569702	-0.8829783797264099	-1.2003875970840454	0.09667881578207016	0.14746204018592834	-0.7878162860870361	-1.9707233905792236	0.7005376815795898	0.32067233324050903	-0.3013506531715393	1.5930246114730835	-0.6933119893074036	-0.9820927381515503	1.574682593345642	1.8983583450317383	1.3868708610534668	0.9997504353523254	-1.854140043258667	-1.401075005531311	-0.2141437977552414	-0.8733799457550049	-1.568299651145935	-0.8326531052589417	0.2993873953819275	0.13958069682121277	-0.13418841361999512	-0.08986011147499084	1.205735206604004	-1.517930507659912	-0.3689992129802704	-0.6800947189331055	-0.8664563894271851	1.0983043909072876	-1.3867624998092651	-0.8992062211036682	-0.5881312489509583	-0.6481238603591919	0.6583624482154846	0.3286089301109314	0.2528216540813446	-0.2746165096759796	0.7765316963195801	-0.7487926483154297	0.23435640335083008	-0.6689776182174683	-0.6760818958282471	-1.6377205848693848	0.9847421646118164	-1.597042441368103	-1.0733634233474731	-0.5564271807670593	1.9490015506744385	0.8611369132995605	0.1252303421497345	-1.33195960521698	1.22050142288208	-0.031013134866952896	1.3837559223175049	0.46102195978164673	1.3407163619995117	-0.8023831248283386	-1.178626537322998	-1.316928744316101	-0.12082920223474503	-0.6304195523262024	0.5153756141662598	0.3741905987262726	1.2726621627807617	-0.575143039226532	0.3755078613758087	-0.682285726070404	-1.1991771459579468	-0.48734819889068604	0.14153920114040375	0.17327985167503357
0.2593970000743866	0.5698255896568298	-0.7237939238548279	0.845699667930603	0.21255099773406982	-1.3860186338424683	0.3093410134315491	-0.8126577138900757	-0.49760499596595764	-0.5076367855072021	0.8143617510795593	-1.097229242324829	1.2681684494018555	1.5865929126739502	-0.2727598547935486	-1.7000651359558105	0.6838744282722473	-0.34306079149246216	0.4679322838783264	0.9720135927200317	0.3223423361778259	-1.7360124588012695	-0.5164864659309387	-0.5422465205192566	0.3140562176704407	1.072090983390808	-0.32863864302635193	0.17787376046180725	-0.4147367775440216	0.9174337387084961	0.051372088491916656	-0.6343151926994324	-1.471914529800415	-0.30418744683265686	0.6752417683601379	-1.4954121112823486	0.923595130443573	0.8499367833137512	-0.5614397525787354	-0.3694486618041992	2.146242141723633	-0.45757994055747986	-1.774188756942749	0.4927501976490021	-2.0220415592193604	0.4231266975402832	-0.7425041198730469	0.8544182777404785	-0.16658595204353333	-0.34793558716773987	-0.2827405333518982	1.7505595684051514	-0.9325816035270691	1.3428664207458496	0.18399785459041595	0.15937644243240356	-0.22142335772514343	0.8688033223152161	-1.0902841091156006	-0.3856066167354584	0.971011757850647	-0.28750836849212646	-0.9584732055664062	2.924663782119751	-0.40649327635765076	0.03452853113412857	-1.0130059719085693	2.1752896308898926	2.7596890926361084	0.9312735795974731	-0.900488018989563	0.6853169798851013	1.243575096130371	0.19165834784507751	-1.8791491985321045	-0.382991224527359	0.7235409617424011	-1.2972272634506226	0.01804688572883606	0.20535632967948914	-0.2653847932815552	-1.2829326391220093	-1.342476487159729	-1.2896531820297241	-1.4565072059631348	1.3237870931625366	-1.3601154088974	-0.001128626987338066	-0.3445705473423004	0.12089267373085022	-0.3733798563480377	-0.6518519520759583	0.798287034034729	0.5159374475479126	0.39317217469215393	-0.32296237349510193	-0.5742622017860413	-0.54169762134552	-1.8223652839660645	-0.13303878903388977	0.30480802059173584	-1.4347821474075317	-0.4307556450366974	0.14920532703399658	0.9537866711616516	-0.8482889533042908	0.8598758578300476	0.9134226441383362	0.9817185997962952	0.49970290064811707	0.06009283661842346	-0.4376293122768402	1.8462069034576416	-1.2104854583740234	-0.42307648062705994	-1.3643027544021606	-0.8452734351158142	-0.9490748047828674	0.4095575213432312	-0.1861751675605774	-1.3465412855148315	0.6184973120689392	0.5839505195617676	-1.48013174533844	0.6127045154571533	1.0240354537963867	0.39117032289505005	0.48755913972854614
0.672683835029602	-1.0135648250579834	2.270895481109619	-1.5698744058609009	-1.5835336446762085	-0.08585162460803986	-0.3833513557910919	3.1362998485565186	2.4452521800994873	-0.6114621758460999	-0.17187294363975525	1.8363778591156006	-0.14708232879638672	-0.07943570613861084	-0.10731537640094757	0.827766478061676	-0.8536719083786011	-0.5450045466423035	-0.6560325026512146	-0.5096694827079773	0.3519917130470276	1.8038898706436157	0.6006854176521301	0.33864161372184753	-0.48375263810157776	-0.8002932667732239	0.8104891180992126	1.35476553440094	2.2548773288726807	-0.9854851365089417	-1.2337353229522705	-0.16788198053836823	1.502685785293579	1.4740045070648193	1.9940695762634277	2.0998473167419434	0.19477474689483643	-0.6639534831047058	0.13966408371925354	0.3419223427772522	-2.645822763442993	0.4846140146255493	1.4709234237670898	0.23504555225372314	1.0402026176452637	-0.4722970724105835	2.6161916255950928	-0.5175466537475586	-1.064344882965088	-0.052440255880355835	1.656531572341919	-0.23069125413894653	0.5123257637023926	-1.6303726434707642	-0.3667232394218445	-0.021192848682403564	1.142996907234192	-0.46461221575737	-0.32161247730255127	-0.9057518243789673	-1.0962315797805786	0.4819592833518982	0.18889284133911133	-2.1448974609375	0.7010204195976257	1.1066888570785522	1.516046166419983	-2.7451891899108887	-3.762721538543701	-0.1129864975810051	1.8221944570541382	-0.7414106726646423	-0.3710286319255829	-1.7052760124206543	0.962125301361084	0.28388336300849915	-0.44102615118026733	0.0487862154841423	0.6206384897232056	0.8962829113006592	-0.9576283097267151	2.416619300842285	2.2738819122314453	3.4653160572052	4.429320335388184	-2.1340649127960205	0.7202609777450562	1.9149401187896729	-0.10643389821052551	1.3942593336105347	1.354243516921997	2.1191909313201904	-1.4454425573349	-1.5303558111190796	-0.8335031270980835	-1.6214027404785156	0.20147457718849182	1.9043375253677368	2.9800186157226562	1.2900835275650024	0.21993733942508698	2.5000829696655273	-0.28001612424850464	-1.7903980016708374	-2.9207615852355957	1.2817106246948242	-0.9739437699317932	-0.8811204433441162	-1.836463451385498	-1.2428829669952393	-0.05141860991716385	0.599042534828186	-0.7120143175125122	1.1127839088439941	0.6044256687164307	1.7586641311645508	-0.6724388599395752	-0.14010916650295258	0.2453175187110901	-1.9361553192138672	-0.4885803461074829	-1.513117790222168	-0.4173198640346527	0.9341092705726624	0.8407977223396301	-1.3375030755996704	-2.5593388080596924	-0.5667012929916382
-0.6641473174095154	0.9157862663269043	-1.931462049484253	1.756206750869751	1.6286991834640503	-1.6660932302474976	0.05789214372634888	-2.3029634952545166	-1.576723575592041	-0.15799573063850403	-0.7670890688896179	-1.813425898551941	-0.03718392550945282	0.08420145511627197	-0.02216409146785736	-1.4560458660125732	-0.3306201100349426	0.3284134268760681	-0.38030096888542175	0.8168379068374634	0.34768155217170715	-0.7979078888893127	-0.29331910610198975	0.4892728328704834	0.8777313232421875	0.9795128107070923	-0.7071800827980042	-1.3379194736480713	-2.458656072616577	0.2078586220741272	0.5327529311180115	0.7277159690856934	-1.4711134433746338	-1.2731614112854004	-0.4573943614959717	-2.117429256439209	0.4494548738002777	0.2590606212615967	-1.0251504182815552	0.4967842698097229	3.0121588706970215	-1.304402232170105	-1.604636549949646	0.2886565029621124	-2.285611152648926	-0.08467838913202286	-1.7004121541976929	-0.08417173475027084	0.7001461982727051	-0.3886382281780243	-1.5487658977508545	0.7333300113677979	-1.6185041666030884	1.2786821126937866	0.6061627268791199	0.39472150802612305	-0.022545091807842255	0.20731773972511292	-1.4121406078338623	-1.0717474222183228	0.9114288091659546	-0.5373414158821106	-0.3041844367980957	3.4299540519714355	-0.7682732343673706	-1.0717042684555054	-0.8671311140060425	3.466364860534668	3.818448305130005	2.384333848953247	-2.0668535232543945	0.6927587985992432	1.3576982021331787	0.42869579792022705	-2.1745338439941406	-0.8731558918952942	0.34570860862731934	-0.40316343307495117	-0.5990607738494873	-1.1623084545135498	0.41418367624282837	-2.8589162826538086	-1.8631411790847778	-3.584850311279297	-3.716242790222168	1.582515001296997	-1.2769402265548706	-1.5951319932937622	-0.30707883834838867	-1.3558611869812012	-0.9491419196128845	-1.915905237197876	1.593793511390686	2.5838863849639893	1.130176067352295	0.8306071162223816	-1.388148546218872	-0.8725714683532715	-3.9886348247528076	-1.3070157766342163	0.5424561500549316	-1.9666422605514526	0.28272032737731934	1.3740088939666748	2.512600898742676	-1.255265474319458	0.830759584903717	1.1312581300735474	1.0691370964050293	0.7471086978912354	0.3203018009662628	-0.42035427689552307	1.5755524635314941	-1.0653640031814575	-0.7017526030540466	-1.9224456548690796	-0.5979640483856201	-0.8712761402130127	0.8504252433776855	0.6236027479171753	-0.8330038785934448	0.11378849297761917	-0.4673255980014801	-1.7279551029205322	0.10752815753221512	0.8063613176345825	0.23075096309185028	0.6641831994056702
